{"cameraMode":{"drawMode":0,"name":"Shaded","section":"Shading Mode"},"sceneLighting":true,"audioPlay":false,"sceneViewState":{"showFog":true,"showMaterialUpdate":false,"showSkybox":true,"showFlares":true,"showImageEffects":true,"showParticleSystems":true},"in2DMode":false,"pivot":{"x":4.578382968902588,"y":2.683246374130249,"z":-8.396721839904786},"rotation":{"x":0.18071576952934266,"y":0.03244667127728462,"z":-0.005979195237159729,"w":0.9830104112625122},"size":12.411398887634278,"orthographic":false}